Origin,Dest,Distance,Predicted_Delay
IND,BWI,515,14
IND,LAS,1591,60
IND,MCO,828,15
IND,PHX,1489,23
IND,TPA,838,4
ISP,BWI,220,6
ISP,FLL,1093,56
ISP,MCO,972,39
ISP,MDW,765,51
ISP,PBI,1052,32
JAN,BWI,888,40
JAN,HOU,359,51
JAN,MCO,587,37
JAN,MDW,666,37
JAX,BHM,365,26
JAX,BNA,484,10
JAX,HOU,816,34
JAX,PHL,742,41
JAX,TPA,180,8
LAS,ABQ,487,47
LAS,ALB,2237,54
LAS,AMA,758,24
LAS,AUS,1090,49
LAS,BDL,2298,52
LAS,BNA,1588,18
LAS,BOI,520,48
LAS,BUF,1987,10
LAS,BUR,223,51
LAS,BWI,2106,46
LAS,CMH,1772,9
LAS,DEN,629,8
LAS,ELP,584,21
LAS,GEG,806,46
LAS,HOU,1235,46
LAS,IAD,2066,0
LAS,IND,1591,4
LAS,ISP,2283,16
LAS,LAX,236,45
LAS,LBB,775,36
LAS,MAF,796,19
LAS,MCI,1140,43
LAS,MDW,1521,4
LAS,MSY,1501,15
LAS,OAK,407,28
LAS,OMA,1099,51
LAS,ONT,197,48
LAS,ORF,2155,38
LAS,PDX,762,50
LAS,PHL,2176,32
LAS,PHX,256,15
LAS,PIT,1910,1
LAS,PVD,2363,16
LAS,RDU,2027,57
LAS,RNO,345,16
LAS,SAN,258,11
LAS,SAT,1069,28
LAS,SDF,1624,57
LAS,SFO,414,35
LAS,SJC,386,35
LAS,SLC,368,11
LAS,SMF,397,38
LAS,SNA,226,11
LAS,STL,1372,8
LAS,TPA,1984,26
LAS,TUL,1076,29
LAS,TUS,365,7
LAX,ABQ,677,41
LAX,BNA,1797,25
LAX,ELP,714,38
LAX,HOU,1390,15
LAX,LAS,236,44
LAX,MCI,1363,24
LAX,MDW,1750,42
LAX,OAK,337,34
LAX,PHX,370,59
LAX,SFO,337,13
LAX,SJC,308,35
LAX,SLC,590,12
LAX,SMF,373,35
LAX,TUS,451,23
LBB,AUS,341,39
LBB,DAL,293,49
LIT,BWI,912,45
LIT,DAL,296,3
LIT,MDW,544,5
LIT,STL,296,32
MAF,ABQ,332,14
MAF,AUS,294,52
MAF,DAL,319,9
MAF,HOU,441,11
MCI,BNA,491,11
MCI,BWI,967,44
MCI,DAL,461,54
MCI,DEN,533,28
MCI,IND,451,6
MCI,LAS,1140,31
MCI,LAX,1363,35
MCI,MCO,1072,42
MCI,MDW,405,8
MCI,OKC,313,18
MCI,PDX,1481,22
MCI,PHX,1044,2
MCI,SEA,1489,23
MCI,STL,237,54
MCI,TUL,223,22
MCO,ABQ,1552,58
MCO,ALB,1073,8
MCO,BDL,1050,53
MCO,BHM,478,51
MCO,BNA,616,23
MCO,BWI,787,34
MCO,CLE,895,2
MCO,CMH,802,15
MCO,DTW,957,33
MCO,FLL,178,31
MCO,HOU,848,40
MCO,IAD,758,43
MCO,IND,828,45
MCO,ISP,972,35
MCO,JAN,587,55
MCO,MCI,1072,26
MCO,MDW,989,22
MCO,MHT,1142,44
MCO,ORF,655,53
MCO,PHL,861,34
MCO,PHX,1848,39
MCO,RSW,133,19
MCO,SDF,718,36
MCO,STL,880,43
MDW,ABQ,1121,33
MDW,ALB,717,42
MDW,AUS,972,59
MDW,BDL,777,14
MDW,BHM,570,44
MDW,BNA,395,35
MDW,BUF,468,18
MDW,BWI,611,17
MDW,CLE,307,21
MDW,CMH,284,13
MDW,DEN,895,6
MDW,DTW,229,48
MDW,FLL,1166,1
MDW,HOU,937,27
MDW,IAD,577,40
MDW,IND,162,53
MDW,ISP,765,5
MDW,JAN,666,10
MDW,LAS,1521,18
MDW,LAX,1750,53
MDW,LIT,544,14
MDW,MCI,405,0
MDW,MCO,989,1
MDW,MHT,838,49
MDW,OAK,1844,58
MDW,OMA,423,47
MDW,ORF,704,40
MDW,PDX,1751,23
MDW,PHL,668,33
MDW,PHX,1444,14
MDW,PIT,402,18
MDW,PVD,842,0
MDW,RDU,632,54
MDW,RNO,1680,3
MDW,RSW,1105,39
MDW,SAN,1728,56
MDW,SAT,1036,16
MDW,SDF,271,60
MDW,SEA,1733,0
MDW,SFO,1855,32
MDW,SJC,1838,18
MDW,SLC,1258,9
MDW,SMF,1790,34
MDW,STL,251,16
MDW,TPA,997,25
MDW,TUS,1440,0
MHT,BWI,377,14
MHT,LAS,2356,51
MHT,MCO,1142,51
MHT,MDW,838,9
MHT,PHL,290,0
MHT,TPA,1204,47
MSY,BHM,321,1
MSY,BWI,998,36
MSY,DAL,437,0
MSY,HOU,303,58
MSY,MDW,825,54
MSY,PHX,1301,33
MSY,TPA,487,54
OAK,ABQ,889,6
OAK,BNA,1959,47
OAK,BOI,511,51
OAK,BUR,325,55
OAK,DEN,957,39
OAK,GEG,723,8
OAK,HOU,1642,26
OAK,LAS,407,57
OAK,LAX,337,15
OAK,MCI,1489,0
OAK,MDW,1844,0
OAK,ONT,361,20
OAK,PDX,543,36
OAK,PHX,646,5
OAK,RNO,180,25
OAK,SAN,446,12
OAK,SEA,671,59
OAK,SLC,588,50
OAK,SNA,371,20
OKC,DEN,495,44
OKC,HOU,419,4
OKC,MCI,313,3
OKC,PHX,833,44
OKC,STL,462,12
OMA,MDW,423,23
OMA,PHX,1037,33
OMA,STL,342,18
ONT,BNA,1751,41
ONT,LAS,197,57
ONT,OAK,361,1
ONT,PHX,325,25
ONT,SJC,333,8
ONT,SMF,389,26
ORF,BWI,159,41
ORF,JAX,543,28
ORF,LAS,2155,13
ORF,MCO,655,44
ORF,TPA,717,57
PBI,BWI,883,26
PBI,ISP,1052,54
PBI,TPA,174,1
PDX,ABQ,1111,13
PDX,BOI,344,3
PDX,GEG,279,14
PDX,LAS,762,35
PDX,MDW,1751,55
PDX,OAK,543,55
PDX,PHX,1009,42
PDX,RNO,444,15
PDX,SJC,569,22
PDX,SLC,630,17
PDX,SMF,479,11
PHL,MCO,861,55
PHL,MDW,668,41
PHL,MHT,290,0
PHL,PIT,267,35
PHL,PVD,238,40
PHL,RDU,336,33
PHL,TPA,920,42
PHX,ABQ,328,24
PHX,BNA,1448,56
PHX,BUR,369,51
PHX,BWI,1999,23
PHX,DEN,602,56
PHX,DTW,1671,44
PHX,ELP,347,10
PHX,HOU,1020,51
PHX,IND,1489,53
PHX,LAS,256,55
PHX,LAX,370,57
PHX,MCI,1044,48
PHX,OAK,646,40
PHX,OKC,833,9
PHX,OMA,1037,51
PHX,ONT,325,44
PHX,PDX,1009,21
PHX,PHL,2075,26
PHX,RNO,601,19
PHX,SAN,304,48
PHX,SAT,843,30
PHX,SEA,1107,57
PHX,SJC,621,4
PHX,SLC,507,21
PHX,SMF,647,2
PHX,SNA,338,52
PHX,TUL,935,55
PIT,BWI,210,57
PIT,MCO,834,58
PIT,MDW,402,59
PIT,PHL,267,52
PVD,BWI,328,27
PVD,PHL,238,59
RDU,BNA,443,31
RDU,BWI,255,48
RDU,MCO,534,3
RDU,MDW,632,26
RDU,PHL,336,25
RDU,TPA,587,23
RNO,BOI,335,41
RNO,LAS,345,26
RNO,LAX,390,21
RNO,OAK,180,53
RNO,PDX,444,18
RNO,PHX,601,58
RNO,SAN,488,4
RNO,SEA,564,18
RNO,SJC,188,32
RNO,SLC,422,13
RSW,BWI,919,6
RSW,MDW,1105,28
SAN,ABQ,628,25
SAN,AUS,1164,46
SAN,BNA,1751,28
SAN,ELP,636,43
SAN,LAS,258,48
SAN,MCI,1333,43
SAN,MDW,1728,29
SAN,OAK,446,47
SAN,PHX,304,53
SAN,RNO,488,49
SAN,SFO,447,43
SAN,SJC,417,22
SAN,SMF,480,51
SAN,TUS,367,1
SAT,BWI,1407,22
SAT,DAL,248,1
SAT,ELP,496,40
SAT,HOU,192,45
SAT,HRL,233,10
SAT,LAS,1069,59
SAT,MDW,1036,45
SAT,PHX,843,39
SDF,BHM,323,57
SDF,BWI,495,12
SDF,LAS,1624,52
SDF,MDW,271,56
SDF,STL,254,21
SEA,ABQ,1180,3
SEA,BOI,399,9
SEA,DEN,1024,53
SEA,GEG,224,39
SEA,LAS,866,30
SEA,MCI,1489,39
SEA,MDW,1733,39
SEA,OAK,671,18
SEA,PHX,1107,54
SEA,RNO,564,18
SEA,SJC,697,45
SEA,SLC,689,48
SEA,SMF,605,7
SFO,LAS,414,22
SFO,LAX,337,38
SFO,MDW,1855,50
SFO,SAN,447,5
SJC,BUR,296,36
SJC,LAS,386,22
SJC,LAX,308,41
SJC,ONT,333,4
SJC,PDX,569,51
SJC,PHX,621,14
SJC,RNO,188,44
SJC,SAN,417,7
SJC,SEA,697,54
SJC,SNA,342,24
SLC,ABQ,493,7
SLC,BOI,291,4
SLC,BWI,1864,4
SLC,DEN,391,53
SLC,GEG,546,33
SLC,LAS,368,22
SLC,LAX,590,0
SLC,MDW,1258,24
SLC,OAK,588,30
SLC,PDX,630,57
SLC,PHX,507,34
SLC,SEA,689,4
SLC,STL,1156,49
SMF,BUR,358,56
SMF,LAS,397,0
SMF,LAX,373,5
SMF,MDW,1790,36
SMF,ONT,389,39
SMF,PDX,479,60
SMF,PHX,647,2
SMF,SAN,480,50
SMF,SEA,605,55
SMF,SNA,404,30
SNA,LAS,226,23
SNA,OAK,371,6
SNA,SJC,342,4
SNA,SMF,404,40
STL,BHM,410,2
STL,BWI,737,60
STL,CMH,410,42
STL,DAL,546,53
STL,DTW,440,46
STL,HOU,687,12
STL,LAS,1372,31
STL,LAX,1593,22
STL,LIT,296,5
STL,MCI,237,20
STL,MCO,880,55
STL,MDW,251,59
STL,OMA,342,40
STL,PHX,1262,20
STL,SDF,254,15
STL,SLC,1156,9
STL,TPA,869,24
STL,TUL,351,41
TPA,ABQ,1497,24
TPA,ALB,1130,33
TPA,BDL,1111,17
TPA,BHM,460,9
TPA,BUF,1054,20
TPA,BWI,842,45
TPA,CMH,829,42
TPA,DEN,1506,48
TPA,FLL,197,52
TPA,HOU,781,23
TPA,IAD,810,21
TPA,ISP,1034,53
TPA,JAX,180,18
TPA,MDW,997,20
TPA,MHT,1204,22
TPA,PBI,174,15
TPA,PHL,920,13
TPA,PIT,873,5
TPA,PVD,1137,8
TPA,RDU,587,50
TPA,SAT,972,7
TPA,SDF,727,4
TUL,DAL,237,11
TUL,HOU,453,45
TUL,MCI,223,3
TUL,PHX,935,31
TUS,ABQ,321,42
TUS,LAS,365,13
TUS,LAX,451,13
TUS,MDW,1440,16
TUS,SAN,367,55
ABQ,AMA,277,14
ABQ,DAL,580,15
ABQ,DEN,349,46
ABQ,HOU,759,49
ABQ,LAS,487,58
ABQ,LAX,677,59
ABQ,LBB,289,1
ABQ,MCI,718,36
ABQ,MCO,1552,42
ABQ,OAK,889,41
ABQ,PHX,328,13
ABQ,SAN,628,35
AMA,DAL,324,48
AMA,DEN,358,15
AUS,BNA,756,13
AUS,DAL,189,37
AUS,HOU,148,16
AUS,LAS,1090,11
AUS,MDW,972,6
AUS,TPA,928,22
BHM,DAL,587,25
BHM,MCO,478,20
BNA,BDL,852,56
BNA,BHM,177,60
BNA,BWI,588,54
BNA,CMH,338,50
BNA,JAX,484,48
BNA,LAS,1588,38
BNA,LAX,1797,39
BNA,MCO,616,38
BNA,MDW,395,13
BNA,ONT,1751,8
BNA,PHX,1448,48
BNA,RDU,443,10
BNA,TPA,612,12
BOI,GEG,287,31
BOI,LAS,520,51
BOI,OAK,511,57
BOI,PDX,344,14
BUF,BWI,281,12
BUF,LAS,1987,16
BUR,LAS,223,29
BUR,OAK,325,0
BUR,PHX,369,60
BUR,SJC,296,60
BUR,SMF,358,30
BWI,BNA,588,26
BWI,BUF,281,13
BWI,DEN,1491,60
BWI,ISP,220,10
BWI,MHT,377,4
BWI,ORF,159,49
BWI,PVD,328,25
BWI,RDU,255,31
BWI,SLC,1864,52
CMH,MDW,284,10
CRP,HOU,187,4
DAL,ABQ,580,23
DAL,AMA,324,2
DAL,AUS,189,31
DAL,BHM,587,52
DAL,ELP,562,28
DAL,HOU,239,6
DAL,MAF,319,20
DAL,MCI,461,46
DAL,MSY,437,54
DAL,SAT,248,17
DAL,STL,546,54
DEN,ABQ,349,15
DEN,BWI,1491,41
DEN,HOU,883,5
DEN,LAS,629,23
DEN,MCI,533,56
DEN,MDW,895,60
DEN,OAK,957,22
DEN,OKC,495,40
DEN,PHX,602,41
DEN,SEA,1024,8
DEN,SLC,391,21
DEN,TPA,1506,14
ELP,AUS,528,9
ELP,DAL,562,2
ELP,HOU,677,31
ELP,LAS,584,27
ELP,LAX,714,4
ELP,LBB,295,16
ELP,PHX,347,21
ELP,SAT,496,45
FLL,JAX,318,21
FLL,MCO,178,46
FLL,MDW,1166,32
FLL,STL,1056,36
FLL,TPA,197,44
GEG,BOI,287,52
GEG,LAS,806,24
GEG,OAK,723,24
GEG,SEA,224,43
GEG,SLC,546,37
HOU,AUS,148,44
HOU,BNA,670,21
HOU,DAL,239,33
HOU,ELP,677,1
HOU,HRL,276,1
HOU,JAN,359,40
HOU,LAX,1390,35
HOU,LIT,393,14
HOU,MCO,848,41
HOU,MDW,937,33
HOU,MSY,303,35
HOU,PHL,1335,4
HOU,PHX,1020,7
HOU,SAT,192,37
HRL,HOU,276,19
IAD,MDW,577,6
LAS,MCO,2039,47
LAS,OKC,987,49
LAX,AUS,1242,6
LAX,RNO,390,59
LAX,SAT,1210,1
LAX,STL,1593,36
MAF,LAS,796,5
MCO,LAS,2039,34
MCO,PVD,1073,56
MSY,MCO,550,5
OKC,DAL,181,4
PBI,PHL,951,60
PHL,HOU,1335,18
PHL,JAX,742,4
PHL,RSW,992,21
PHX,AUS,872,46
PHX,LIT,1136,17
PHX,MDW,1444,25
PHX,STL,1262,21
PHX,TPA,1788,12
PVD,MCO,1073,22
RSW,ISP,1101,42
SAN,BWI,2295,20
SAT,LAX,1210,20
SNA,PHX,338,3
STL,FLL,1056,20
TPA,BNA,612,46
ABQ,ELP,223,46
ABQ,MAF,332,5
ABQ,PDX,1111,45
ABQ,SEA,1180,17
ABQ,SLC,493,7
ABQ,TUS,321,21
ALB,BWI,288,15
ALB,LAS,2237,10
AUS,BWI,1342,27
BDL,BNA,852,3
BDL,BWI,283,12
BDL,MCO,1050,10
BHM,MDW,570,34
BNA,FLL,793,59
BNA,HOU,670,16
BNA,MCI,491,36
BNA,OAK,1959,33
BOI,RNO,335,44
BOI,SEA,399,34
BOI,SLC,291,18
BUF,MDW,468,40
BUF,TPA,1054,58
BWI,ABQ,1670,58
BWI,ALB,288,26
BWI,BDL,283,55
BWI,DTW,408,50
BWI,FLL,925,25
BWI,JAX,663,20
BWI,LAS,2106,48
BWI,MCI,967,54
BWI,MCO,787,2
BWI,PBI,883,59
BWI,SAN,2295,39
DAL,LIT,296,9
DAL,OKC,181,3
DAL,TUL,237,1
DEN,AMA,358,25
DEN,BNA,1013,44
DEN,MCO,1545,58
DTW,BNA,457,50
DTW,BWI,408,55
DTW,PHX,1671,45
FLL,BNA,793,47
FLL,BWI,925,11
FLL,ISP,1093,13
FLL,PVD,1188,16
GEG,PDX,279,42
HOU,BWI,1246,2
HOU,CRP,187,58
HOU,DEN,883,26
HOU,FLL,957,55
HOU,JAX,816,54
HOU,SAN,1312,24
IND,MDW,162,36
JAX,BWI,663,39
JAX,FLL,318,11
LAS,SEA,866,33
MCI,OAK,1489,13
MCO,BUF,1011,47
MCO,DEN,1545,58
MCO,MSY,550,10
MHT,PHX,2279,43
OAK,TUS,747,1
PHX,BHM,1455,36
PHX,MCO,1848,33
PIT,LAS,1910,13
PIT,PHX,1813,53
PVD,MDW,842,34
RSW,MCO,133,43
SAN,HOU,1312,37
SLC,RNO,422,0
STL,CLE,487,29
TPA,LAS,1984,26
TPA,MSY,487,45
ABQ,TPA,1497,22
ALB,MDW,717,28
AUS,ELP,528,58
AUS,PHX,872,45
AUS,SAN,1164,18
BHM,HOU,570,7
BHM,TPA,460,10
BNA,CLE,448,60
BNA,PHL,675,10
BWI,CLE,314,13
BWI,CMH,336,10
BWI,LIT,912,47
BWI,PIT,210,8
CLE,MDW,307,16
CMH,LAS,1772,43
DAL,LBB,293,34
DTW,MDW,229,25
HOU,ABQ,759,37
HOU,MAF,441,49
HOU,OAK,1642,23
HOU,STL,687,46
HOU,TPA,781,1
HOU,TUL,453,31
LAS,MHT,2356,28
MCO,RDU,534,12
MDW,MSY,825,47
OMA,LAS,1099,39
ORF,MDW,704,55
PHL,FLL,992,12
SAT,BNA,822,15
SAT,TPA,972,22
BHM,SDF,323,34
BNA,AUS,756,24
BUF,PHX,1912,42
BWI,MDW,611,34
BWI,STL,737,34
HOU,BHM,570,10
IND,JAX,688,21
JAX,ORF,543,51
MCI,SAN,1333,13
PHX,BUF,1912,29
PHX,MHT,2279,30
PHX,PIT,1813,45
PHX,PVD,2277,3
PHX,RDU,1891,58
PHX,SDF,1506,25
PVD,PHX,2277,26
SDF,MCO,718,1
STL,OKC,462,27
BNA,DEN,1013,41
BNA,SAT,822,37
BWI,TPA,842,26
CLE,BNA,448,32
CLE,BWI,314,19
CMH,BWI,336,16
CMH,TPA,829,5
HOU,LAS,1235,57
HOU,OKC,419,37
LAS,BHM,1618,0
LAS,CLE,1825,56
MSY,LAS,1501,13
SAT,MCO,1040,49
BWI,IND,515,51
BWI,PHX,1999,48
BWI,RSW,919,53
BWI,SDF,495,51
CLE,STL,487,54
DEN,AUS,775,13
MSY,FLL,673,23
PDX,MCI,1481,33
SDF,TPA,727,48
AUS,DEN,775,59
BHM,BNA,177,44
BHM,BWI,682,26
BHM,MSY,321,18
BNA,DTW,457,34
BNA,MSY,471,18
BNA,PVD,907,2
BNA,SAN,1751,13
BWI,HOU,1246,6
CMH,BNA,338,4
DTW,MCO,957,48
FLL,PHL,992,51
MCI,ABQ,718,22
MCI,SMF,1442,6
MCO,AUS,993,19
PHL,PHX,2075,51
TPA,MCI,1048,30
TUL,STL,351,46
BDL,TPA,1111,27
BNA,SEA,1977,43
BWI,BHM,682,44
CMH,PHL,405,12
CMH,PHX,1671,6
IND,MCI,451,2
ISP,LAS,2283,20
PHL,BNA,675,48
PHL,CMH,405,21
PHL,LAS,2176,34
PHL,PBI,951,44
PVD,BNA,907,37
PVD,FLL,1188,57
PVD,TPA,1137,28
RSW,PHL,992,50
TPA,IND,838,33
AUS,MAF,294,31
CMH,MCO,802,11
MCO,SAT,1040,45
RNO,MDW,1680,8
ALB,MCO,1073,40
BUF,MCO,1011,22
BWI,SAT,1407,52
CLE,MCO,895,46
ELP,ABQ,223,33
FLL,HOU,957,10
IAD,MCO,758,56
IAD,TPA,810,4
ISP,TPA,1034,48
SJC,MDW,1838,57
TPA,ORF,717,26
TPA,PHX,1788,9
TPA,STL,869,8
TUS,OAK,747,56
BWI,MSY,998,40
FLL,MSY,673,47
OKC,LAS,987,16
PVD,LAS,2363,18
AUS,LAX,1242,22
AUS,MCO,993,3
BHM,STL,410,11
BWI,JAN,888,31
TPA,AUS,928,10
BHM,JAX,365,49
ABQ,STL,934,21
AUS,LBB,341,34
BDL,MDW,777,34
BHM,PHX,1455,34
BWI,AUS,1342,34
BWI,OKC,1180,25
DTW,STL,440,45
HRL,SAT,233,17
IAD,LAS,2066,14
LBB,ABQ,289,56
LIT,HOU,393,25
MCI,TPA,1048,7
RDU,LAS,2027,56
AUS,HRL,273,17
HRL,AUS,273,21
PHX,MSY,1301,4
SDF,PHX,1506,10
SEA,BNA,1977,15
BHM,LAS,1618,54
CLE,LAS,1825,24
SAN,SAT,1129,9
SAT,SAN,1129,43
CMH,STL,410,15
ELP,SAN,636,22
STL,ABQ,934,33
MCO,PIT,834,13
MSY,BNA,471,33
TUL,LAS,1076,30
LBB,LAS,775,46
LIT,LAS,1295,23
AMA,LAS,758,28
LBB,ELP,295,58
ABQ,MDW,1121,19
AMA,ABQ,277,5
ORD,CVG,264,28
ATL,BHM,134,60
CVG,DFW,812,5
CVG,DEN,1069,3
DEN,CVG,1069,5
ATL,MSP,906,38
BNA,ATL,214,10
ATL,GSP,153,5
CVG,ORD,264,41
BUF,ATL,712,46
ATL,BNA,214,52
MKE,MSP,297,22
MSP,MKE,297,25
MKE,BDL,780,9
BDL,MKE,780,51
MKE,MSN,74,35
PHL,MKE,690,16
MKE,PHL,690,13
MKE,PIT,431,34
MCI,CMH,633,10
MKE,OMA,426,40
MCI,MSN,386,37
MKE,RDU,689,42
RDU,MKE,689,39
MKE,BWI,641,1
BWI,MKE,641,24
EWR,MKE,725,12
MKE,EWR,725,54
MCI,AUS,650,54
AUS,MCI,650,6
SUN,SLC,223,48
SLC,SUN,223,47
SGU,SLC,269,21
SLC,SGU,269,35
SLC,TWF,175,28
SLC,SBA,615,26
SLC,ELP,693,18
SLC,IDA,188,30
SLC,OMA,839,4
SLC,TUS,601,60
MSO,SLC,436,37
SLC,BZN,347,6
SLC,RAP,508,42
BZN,SLC,347,17
SJC,SLC,585,41
SLC,SJC,585,8
SLC,SLE,628,48
SLC,MSO,436,52
SLC,SMF,532,36
SMF,SLC,532,45
GTF,SLC,463,48
BIL,SLC,387,48
SLC,BIL,387,1
SLC,BUR,574,10
SLC,PSP,541,30
PSP,SLC,541,48
TUL,SLC,926,23
SLC,LGB,589,41
OMA,SLC,839,55
SLC,COS,410,52
SLC,GTF,463,59
BUR,SLC,574,12
ATL,MEM,332,14
SLC,JAC,205,39
SLC,ASE,291,8
SFO,SLC,599,29
BHM,SLC,1472,9
SLC,SFO,599,23
CMH,SLC,1529,60
SLC,FCA,532,57
HDN,SLC,251,30
SLC,CLE,1565,28
IAH,SLC,1195,35
BNA,SLC,1403,47
SLC,PSC,521,46
DFW,SLC,988,34
ASE,SLC,291,37
MSP,SLC,991,19
SLC,BNA,1403,37
JAC,SLC,205,50
SLC,AUS,1085,58
SLC,DFW,988,50
SLC,MKE,1246,36
CLE,SLC,1565,41
ONT,SLC,558,11
SLC,ONT,558,58
LAX,SAN,109,40
SAN,LAX,109,60
LAX,SNA,36,58
SNA,LAX,36,45
SFO,ACV,250,9
SFO,SBA,262,18
SBP,LAX,155,32
LAX,PSP,110,11
FAT,LAX,209,25
SMF,SFO,86,38
SFO,SMF,86,26
SFO,RDD,199,44
LAX,FAT,209,40
EUG,PDX,106,27
PDX,EUG,106,54
PSP,LAS,173,19
MOD,SFO,78,18
SFO,MOD,78,3
LAX,MOD,292,15
MOD,LAX,292,46
LAS,PSP,173,26
LEX,ORD,323,27
ORD,LEX,323,13
FSD,ORD,462,41
BTV,ORD,763,50
ORD,BTV,763,27
OMA,ORD,416,24
ORD,CLE,316,34
ORD,ROA,531,35
ROA,ORD,531,27
ORD,SDF,286,8
SDF,ORD,286,17
DEN,FCA,753,33
CLE,ORD,316,53
ORD,CHS,760,48
DFW,ORD,802,14
ASE,LAX,737,29
ORD,FSD,462,27
ORD,PIT,412,41
PIT,ORD,412,44
MEM,ORD,491,36
FAR,DEN,627,60
ASE,ORD,1013,41
BOI,ORD,1437,7
ORD,PIA,130,14
XNA,ORD,522,13
SFO,BUR,326,41
ORD,ASE,1013,6
ORD,COS,911,54
COS,DEN,72,17
DEN,LNK,423,48
BHM,ORD,584,15
DEN,BZN,525,48
MKE,ORD,67,20
DEN,GUC,152,25
GUC,DEN,152,10
BZN,ORD,1186,54
ORD,BOI,1437,35
AZO,ORD,122,57
ORD,AZO,122,26
TVC,ORD,224,2
ORD,TVC,224,59
ORD,MSN,109,29
ORD,OKC,693,56
ORD,IAH,925,34
AUS,ORD,978,11
ORD,SAV,773,33
COS,ORD,911,31
ORD,ORF,717,39
ORF,ORD,717,32
BHM,DEN,1082,0
ORD,TUL,585,39
TUL,ORD,585,28
SFO,PSP,421,52
CRW,ORD,416,41
ORD,CRW,416,26
ORD,ATW,160,28
ASE,DEN,125,15
ORD,TYS,475,10
TYS,ORD,475,58
ORD,AVP,631,49
FAR,ORD,557,54
ORD,FAR,557,42
SAV,ORD,773,30
ICT,ORD,588,44
DEN,GJT,212,29
GJT,DEN,212,18
ORD,MEM,491,55
ORD,MCI,403,21
PIA,ORD,130,0
ORD,ABE,654,8
DEN,MSN,826,5
ORD,AUS,978,11
IND,ORD,177,21
HDN,ORD,1009,25
ORD,XNA,522,58
SGF,ORD,438,33
MSN,ORD,109,50
CID,ORD,196,0
DTW,ORD,235,56
ORD,MLI,139,4
MLI,DEN,751,36
ORD,OMA,416,56
DRO,DEN,251,18
CHS,ORD,760,20
ORD,GRR,137,13
OKC,LAX,1187,11
ORD,MKE,67,43
DEN,PIA,793,6
MLI,ORD,139,10
DSM,ORD,299,45
ORD,DSM,299,21
ATW,ORD,160,33
GRB,ORD,174,2
ORD,GRB,174,45
FWA,ORD,157,37
LAX,DFW,1235,59
ORD,BHM,584,28
IAH,DEN,861,14
DAY,DEN,1084,54
DEN,DAY,1084,43
DEN,ASE,125,17
BOI,SFO,522,40
SFO,ONT,363,10
LNK,DEN,423,6
SFO,TUS,751,40
PSP,SFO,421,39
ONT,SFO,363,33
ORD,SAT,1041,53
SFO,BOI,522,1
FCA,DEN,753,60
SFO,EUG,451,11
SFO,ABQ,896,59
ORD,CWA,213,2
ORD,SLC,1249,28
LNK,ORD,466,46
BZN,DEN,525,28
ORD,SGF,438,41
LAX,COS,833,24
COS,LAX,833,17
BOI,LAX,674,56
IDA,DEN,458,29
DEN,IDA,458,15
DEN,BIS,517,32
MKE,DEN,895,43
SFO,RNO,192,0
DEN,GTF,624,51
MSN,DEN,826,1
DEN,HSV,1048,56
HSV,DEN,1048,34
ORD,LNK,466,29
DEN,HDN,142,38
HDN,DEN,142,37
RNO,SFO,192,5
DEN,MEM,872,5
DEN,SGF,637,46
BIL,DEN,455,22
DEN,BIL,455,25
CWA,ORD,213,59
DEN,TYS,1162,49
DEN,MFR,964,6
MFR,DEN,964,60
MEM,DEN,872,1
DEN,BHM,1082,15
DEN,BOI,649,38
GTF,DEN,624,60
DEN,COS,72,31
DEN,MLI,751,46
DEN,SBA,916,16
TUS,DEN,639,1
BNA,ORD,409,21
CID,DEN,692,9
FAT,DEN,844,30
SAT,ORD,1041,49
ORD,LAN,179,11
CLE,DEN,1201,20
DEN,ELP,563,53
ELP,DEN,563,27
DEN,MSO,679,26
MSO,DEN,679,21
PSC,DEN,853,32
DEN,PSC,853,20
DEN,MKE,895,21
ORD,SYR,607,56
SYR,ORD,607,22
SBA,DEN,916,59
MCI,SAT,706,14
PIT,MKE,431,7
MKE,CMH,331,2
CMH,MCI,633,56
OMA,MKE,426,39
COS,MCI,538,49
SLC,YUM,580,45
IDA,SLC,188,51
COS,ATL,1185,56
SLC,GJT,217,46
ATL,XNA,589,6
SLC,OKC,866,54
FAT,SLC,501,14
RAP,SLC,508,57
SLC,TUL,926,39
YUM,SLC,580,40
RDM,SLC,526,5
SLC,FAT,501,9
SLC,SBP,608,23
ATL,MKE,669,2
XNA,ATL,589,12
GJT,SLC,217,47
LGB,SLC,589,33
COS,SLC,410,52
SLC,RDM,526,48
MEM,ATL,332,46
SLC,SNA,588,4
SLC,SAT,1086,2
SLC,IAH,1195,20
SAT,SLC,1086,20
SAN,SLC,626,25
MCI,SLC,919,5
SLC,MCI,919,24
SLC,HDN,251,16
SLC,SAN,626,35
SLC,LIT,1156,52
LIT,SLC,1156,29
MTJ,SLC,268,36
SLC,MTJ,268,0
SFO,SBP,191,2
SFO,MRY,77,2
LAX,SBP,155,40
SFO,BFL,238,36
RDD,SFO,199,53
MFR,SFO,329,11
LAX,SBA,89,4
FAT,SFO,158,45
SFO,MFR,329,42
SBA,SFO,262,3
RDM,SFO,462,18
CLD,LAX,86,30
SEA,PDX,129,3
RDM,PDX,116,21
PDX,SEA,129,60
ORD,HDN,1009,52
ORD,DFW,802,48
LAX,ASE,737,2
ORD,CID,196,10
ORD,SBN,84,27
SBN,ORD,84,7
HPN,ORD,738,9
ORD,ICT,588,57
ORD,BNA,409,17
SPI,ORD,174,19
ORD,SPI,174,13
ORD,FWA,157,37
DEN,DRO,251,7
MBS,ORD,222,60
ORD,MBS,222,56
DEN,TUL,541,48
TUL,DEN,541,11
FSD,DEN,483,0
DEN,TUS,639,21
DEN,CID,692,49
BOI,DEN,649,56
ORD,BZN,1186,0
LAN,ORD,179,4
XNA,DEN,616,22
DEN,XNA,616,57
SGF,DEN,637,2
TYS,DEN,1162,57
SAT,DEN,794,39
ATL,COS,1185,24
SAT,MCI,706,18
MCI,PIT,773,23
PIT,MCI,773,9
CMH,MKE,331,6
MSN,MCI,386,40
MCI,COS,538,8
SLC,PIH,150,2
TWF,SLC,175,2
SNA,SLC,588,47
DSM,SLC,955,34
ORD,ATL,606,19
SLC,YKM,586,8
SLC,DRO,338,49
ATL,ORD,606,12
SLC,MSP,991,22
AUS,SLC,1085,43
ONT,LAX,47,0
SBP,SFO,191,11
SFO,FAT,158,13
MRY,SFO,77,55
LAX,SMX,135,43
SMX,LAX,135,12
ACV,SFO,250,52
SBA,LAX,89,25
BFL,SFO,238,22
PDX,MFR,222,39
CEC,ACV,56,17
FAT,LAS,258,4
LAS,FAT,258,32
SFO,CEC,304,56
CIC,SFO,153,15
SFO,CIC,153,12
MFR,PDX,222,55
SMF,ACV,207,8
CEC,SFO,304,16
SFO,RDM,462,35
ORD,IND,177,39
BUR,SFO,326,2
SNA,SFO,372,36
EUG,SFO,451,40
SFO,COS,963,10
ABQ,SFO,896,56
PMD,SFO,316,25
SFO,PMD,316,60
ICT,LAX,1203,25
DEN,CLE,1201,33
DEN,PSP,776,19
DEN,FAR,627,18
MSP,ATL,906,9
EKO,SLC,200,34
SLC,EKO,200,31
FAR,SLC,865,21
HOU,ATL,696,18
BFL,SLC,534,30
FCA,SLC,532,43
SLC,FAR,865,37
SLC,BHM,1472,32
LAX,MRY,267,31
MRY,LAX,267,23
BFL,LAX,109,52
LAX,BFL,109,46
IYK,LAX,123,2
LAX,IYK,123,46
PSP,LAX,110,9
LAX,ONT,47,25
LAX,OXR,49,17
OXR,LAX,49,32
LAX,SGU,348,21
SGU,LAX,348,59
LAX,YUM,237,21
YUM,LAX,237,14
IPL,LAX,181,23
YUM,IPL,58,28
LAX,CLD,86,9
PDX,RDM,116,28
IPL,YUM,58,4
LAX,IPL,181,39
PSP,DEN,776,33
DFW,LAX,1235,14
LAX,OKC,1187,1
LAX,BOI,674,47
BUR,DEN,850,43
DEN,BUR,850,37
DEN,EUG,997,54
EUG,DEN,997,4
DEN,RFD,829,14
DEN,FAT,844,27
RDD,SMF,131,28
ASE,SFO,848,39
PIH,SLC,150,21
CPR,SLC,320,26
SLC,CPR,320,33
DRO,SLC,338,39
TUS,SLC,601,1
SLC,BFL,534,42
BTM,SLC,357,7
HLN,SLC,402,16
SLC,HLN,402,26
MFR,SLC,575,31
ELP,SLC,693,39
MRY,SLC,607,46
SLC,MRY,607,41
PSC,SLC,521,23
SLC,MFR,575,9
SBA,SLC,615,29
SLC,BLI,757,39
BLI,SLC,757,38
SLC,BTM,357,16
SLC,PIT,1659,20
DTW,SLC,1481,13
SLC,DTW,1481,30
SLC,ORD,1249,42
SLC,MSY,1428,13
PIT,SLC,1659,37
SBA,SJC,234,55
SJC,SBA,234,31
ACV,SMF,207,26
ACV,CEC,56,10
DEN,ICT,419,6
DSM,DEN,589,7
DEN,BFL,845,7
CAK,ORD,344,9
ORD,CAK,344,6
MCI,ORD,403,22
DAY,ORD,240,50
ORD,DAY,240,55
SFO,SNA,372,34
RFD,DEN,829,55
DEN,FSD,483,29
SFO,ASE,848,18
SFO,BZN,807,57
BZN,SFO,807,53
DFW,CVG,812,24
COD,SLC,298,46
SLC,COD,298,3
OKC,SLC,866,8
SLE,SLC,628,42
SLC,EUG,619,1
SLC,DSM,955,47
LWS,SLC,461,29
EUG,SLC,619,7
SLC,XNA,1004,59
SLC,FSD,804,53
SBP,SLC,608,44
FSD,SLC,804,11
SLC,CMH,1529,42
MSY,SLC,1428,43
DEN,RAP,301,51
DEN,GRR,1014,45
GRR,DEN,1014,27
ICT,DEN,419,18
AVP,ORD,631,44
ORD,DTW,235,53
LAX,PDX,834,41
ABE,ORD,654,21
OKC,ORD,693,47
RAP,DEN,301,49
ATL,BUF,712,39
MKE,ATL,669,1
MKE,CLT,651,27
ATL,HOU,696,34
GRR,ORD,137,37
IAH,ORD,925,27
DEN,OMA,472,8
PDX,LAX,834,50
SEA,LAX,954,33
COS,SFO,963,44
DEN,IAH,861,39
BIS,DEN,517,42
GSP,ATL,153,1
MSN,MKE,74,12
SLC,CDC,221,56
CDC,SLC,221,43
BMI,ORD,116,13
ORD,BMI,116,4
ORD,HPN,738,54
GJT,ORD,1100,14
DEN,MRY,960,5
ATL,STL,483,35
STL,ATL,483,20
MTJ,LAX,666,53
LAX,ICT,1203,34
YKM,SLC,586,34
TUS,SFO,751,47
LAX,SEA,954,26
CLT,MKE,651,48
SLC,LWS,461,58
ATL,MTJ,1352,53
MTJ,ATL,1352,17
DEN,DSM,589,30
XNA,LEX,549,50
BUR,TUS,453,45
MFR,MOD,343,35
PIA,DEN,793,15
LAX,MTJ,666,52
SMF,SBA,310,59
BOI,PIT,1849,53
ORD,HNL,4243,55
HNL,ORD,4243,40
ORD,CLT,599,24
KOA,ORD,4213,30
OGG,KOA,84,6
ORD,OGG,4184,47
SFO,JFK,2586,27
JFK,SFO,2586,54
ORD,JAC,1162,55
LAX,JFK,2475,17
JFK,LAX,2475,60
DEN,SFO,967,27
SFO,OGG,2338,26
OGG,SFO,2338,13
MCO,SFO,2445,11
SFO,LIH,2447,36
DEN,ATL,1199,3
HNL,DEN,3365,18
CLT,DEN,1337,57
DEN,HNL,3365,25
LAX,IAD,2288,32
OGG,LAX,2486,21
LAX,DEN,862,3
LAX,OGG,2486,0
IAD,LAX,2288,34
DEN,SJC,948,34
KOA,SFO,2367,59
SFO,EWR,2565,58
LAX,KOA,2504,6
SFO,ORD,1846,28
SEA,SFO,679,17
SFO,KOA,2367,46
KOA,LAX,2504,51
DEN,SAT,794,52
LIH,SFO,2447,48
SFO,SEA,679,9
MSP,DEN,680,52
LAX,MCO,2217,37
LIH,LAX,2615,57
LAX,LIH,2615,47
LAX,ORD,1745,6
OGG,DEN,3303,47
DEN,OGG,3303,52
HNL,SFO,2398,6
SFO,HNL,2398,45
SFO,IAD,2419,26
PDX,SFO,550,48
LAX,HNL,2556,34
HNL,LAX,2556,10
DEN,LAX,862,13
MDT,ORD,594,44
EWR,SFO,2565,8
EWR,LAX,2454,14
LAX,EWR,2454,42
DEN,SAN,853,8
PHL,DEN,1557,33
SJC,DEN,948,3
ORD,LAX,1745,50
OMA,DEN,472,10
DEN,BOS,1754,55
ORD,ALB,723,10
OAK,IAD,2408,30
IAD,ORD,589,7
JAX,ORD,865,50
ORD,SEA,1721,41
ORD,MSP,334,37
SMF,ORD,1781,15
OAK,ORD,1835,15
ORD,JAX,865,50
STL,DEN,770,36
BUF,ORD,473,18
ORD,PHL,678,19
LGA,ORD,733,20
RIC,ORD,642,37
ORD,SFO,1846,18
MSP,ORD,334,23
ATL,SFO,2139,41
ORD,RDU,647,29
BOS,DEN,1754,20
DEN,IAD,1452,12
DEN,SNA,846,54
ORD,OAK,1835,12
LAX,BOS,2611,4
BOS,LAX,2611,49
CMH,ORD,296,0
BOS,SFO,2704,53
SFO,BOS,2704,15
ORD,RIC,642,51
DEN,PIT,1290,40
SFO,PHL,2521,22
PHL,SFO,2521,14
IAD,SFO,2419,24
LAX,PHL,2401,6
PHL,LAX,2401,34
IAD,SEA,2306,60
BWI,ORD,622,34
ORD,BOS,867,18
PHL,ORD,678,7
SEA,ORD,1721,58
BOS,IAD,413,46
PDX,IAD,2327,57
DEN,CMH,1155,39
SEA,IAD,2306,27
PDX,DEN,992,59
IAD,PDX,2327,42
MSY,IAD,954,35
SMF,IAD,2358,59
IAD,SAN,2253,14
ALB,ORD,723,7
SAN,IAD,2253,29
IAD,RDU,224,41
SJC,IAD,2400,14
IAD,SJC,2400,60
RDU,IAD,224,33
ORD,PVD,849,35
ORD,DEN,888,46
DEN,ORD,888,13
EGE,DEN,121,1
ORD,BUF,473,27
DEN,DFW,641,55
ORD,ROC,528,57
DEN,STL,770,57
SNA,DEN,846,15
BOS,ORD,867,0
MSY,ORD,837,41
SAT,SFO,1482,58
DEN,PHL,1557,31
JAC,DEN,406,48
RDU,ORD,647,31
ORD,IAD,589,31
ORD,EWR,719,43
PIT,DEN,1290,22
MCO,LAX,2217,48
SFO,SAT,1482,1
EWR,ORD,719,51
BWI,LAX,2329,20
SFO,ATL,2139,59
PVD,ORD,849,51
IAD,OAK,2408,47
IAD,SMF,2358,11
SFO,MCO,2445,18
SFO,BWI,2457,24
BWI,SFO,2457,43
IAD,DEN,1452,55
IND,DEN,977,27
LAX,BWI,2329,48
CMH,DEN,1155,29
IAD,BDL,326,35
LGA,DEN,1619,11
DFW,DEN,641,57
SFO,DEN,967,25
ROC,ORD,528,48
ORD,PDX,1739,42
ORD,CMH,296,21
DEN,EGE,121,17
ORD,BWI,622,28
SFO,PDX,550,10
CLT,ORD,599,14
ORD,SAN,1723,22
DEN,PDX,992,0
ORD,SJC,1829,51
GEG,ORD,1498,44
ORD,GSO,590,54
BDL,ORD,783,11
DEN,LGA,1619,29
LAX,MSY,1671,59
ORD,MSY,837,8
DEN,JAC,406,45
DTW,DEN,1123,49
SAN,DEN,853,7
DEN,MSP,680,57
ORD,SNA,1726,43
ATL,DEN,1199,17
JAC,ORD,1162,49
SFO,AUS,1504,6
DEN,SMF,910,53
IAH,SFO,1635,21
SFO,IAH,1635,29
ORD,SMF,1781,58
ORD,MDT,594,4
ORD,BDL,783,53
DEN,CLT,1337,47
DEN,EWR,1605,0
IAD,BOS,413,54
GEG,DEN,836,4
SNA,ORD,1726,41
SAN,ORD,1723,41
SMF,DEN,910,21
SFO,DFW,1464,52
PDX,ORD,1739,0
MSY,LAX,1671,53
MHT,ORD,843,34
IAD,MSY,954,35
DEN,DCA,1476,53
BDL,IAD,326,54
SJC,ORD,1829,55
ORD,GEG,1498,6
EWR,DEN,1605,41
DFW,SFO,1464,7
RDU,DEN,1436,33
DEN,DTW,1123,48
ORD,LGA,733,58
GSO,ORD,590,8
ORD,DCA,612,49
DCA,ORD,612,56
ORD,STL,258,23
DEN,IND,977,45
AUS,SFO,1504,30
ORD,MHT,843,59
DCA,DEN,1476,50
DEN,GEG,836,44
ABQ,IAD,1628,48
IAD,ABQ,1628,24
DEN,RDU,1436,26
IAD,LGA,229,50
LGA,IAD,229,15
PHX,IAD,1956,29
IAD,PHX,1956,56
IAD,STT,1605,4
SJU,IAD,1571,45
STT,SJU,68,20
LAX,JAC,784,46
JAC,LAX,784,25
MCO,ORD,1005,51
ORD,MCO,1005,58
ORD,FLL,1182,48
FLL,ORD,1182,51
MTJ,DEN,197,32
DEN,MTJ,197,11
SEA,HNL,2677,8
KOA,DEN,3329,48
SAN,HNL,2614,24
SJU,ORD,2072,40
ORD,STT,2116,17
MIA,IAD,921,7
ORD,TPA,1012,38
RNO,DEN,804,12
ONT,DEN,819,19
DEN,FLL,1703,26
DEN,ONT,819,60
PHX,SFO,651,53
DEN,MIA,1709,28
MSY,DEN,1062,6
DEN,MSY,1062,55
IAD,FLL,901,23
PHX,ORD,1440,59
MIA,DEN,1709,18
LAS,ORD,1515,32
ORD,LAS,1515,15
TPA,ORD,1012,25
DEN,RNO,804,0
FLL,DEN,1703,23
ORD,PHX,1440,10
PBI,ORD,1144,16
SFO,PHX,651,4
FLL,IAD,901,9
ORD,PBI,1144,24
IAD,SJU,1571,50
ORD,SJU,2072,44
ALB,CLT,646,20
ANC,PHX,2551,13
ATL,LAS,1747,15
ATL,PHX,1587,59
BOS,CLT,728,34
BUF,CLT,546,12
BUF,DCA,296,56
BWI,CLT,361,47
CLT,ABE,481,43
CLT,ALB,646,54
CLT,BDL,644,21
CLT,BNA,329,0
CLT,BOS,728,3
CLT,BUF,546,3
CLT,BWI,361,35
CLT,DCA,331,46
CLT,DFW,936,35
CLT,EWR,529,20
CLT,FLL,631,52
CLT,IAH,913,59
CLT,IND,428,11
CLT,LAS,1916,46
CLT,LAX,2125,4
CLT,LGA,544,48
CLT,MCI,809,30
CLT,MCO,468,4
CLT,MIA,650,2
CLT,MSY,651,58
CLT,ORF,290,40
CLT,PBI,590,39
CLT,PHX,1774,16
CLT,RDU,130,38
CLT,RIC,256,11
CLT,RSW,600,34
CLT,SEA,2279,46
CLT,SJU,1474,6
CLT,STT,1520,46
CLT,TPA,508,29
DCA,CLT,331,41
DCA,FLL,899,55
DCA,MCO,759,2
DCA,PBI,857,31
DCA,SYR,298,37
DCA,TPA,814,14
DFW,CLT,936,20
DFW,PHL,1302,2
EWR,CLT,529,8
FLL,DCA,899,6
GEG,PHX,1020,15
HNL,PHX,2917,56
IAH,CLT,913,2
IND,CLT,428,43
JAX,DCA,634,58
JFK,PHX,2153,31
LAS,CLT,1916,11
LAS,EWR,2227,55
LAS,MSP,1300,31
LAX,PIT,2136,18
LGA,CLT,544,43
MCO,CLT,468,16
MHT,CLT,737,45
MSP,CLT,930,7
MSP,PHX,1276,16
MSY,CLT,651,44
PBI,LAS,2158,25
PHL,ATL,665,24
PHL,BOS,280,46
PHL,CLT,448,49
PHL,DFW,1302,36
PHL,RIC,198,18
PHX,ATL,1587,35
PHX,CLE,1737,11
PHX,CMH,1671,39
PHX,HNL,2917,58
PHX,KOA,2860,20
PHX,MSP,1276,9
PIT,CLT,366,18
RDU,PHX,1891,27
RIC,CLT,256,14
RIC,PHL,198,6
RSW,CLT,600,8
SYR,CLT,603,42
TPA,DCA,814,30
ANC,LAS,2304,1
ATL,PHL,665,25
BDL,CLT,644,29
BOS,DCA,399,37
BOS,PHL,280,31
BOS,PHX,2300,38
BOS,PIT,496,40
BOS,SJU,1674,30
BUF,PHL,279,16
CHS,CLT,168,5
CLE,PHX,1737,57
CLT,CHS,168,37
CLT,DTW,500,28
CLT,IAD,321,22
CLT,JAX,329,21
CLT,MDT,413,21
CLT,MSP,930,12
CLT,MYR,156,28
CLT,PHL,448,59
CLT,PIT,366,34
CLT,PVD,683,18
CLT,ROC,573,11
CLT,SAV,213,4
CLT,SYR,603,50
DCA,BOS,399,5
DCA,BUF,296,17
DCA,JAX,634,25
DCA,LGA,214,18
EWR,LAS,2227,48
EWR,PHX,2133,24
FLL,CLT,631,15
FLL,LAS,2174,5
FLL,PHX,1972,26
FLL,PIT,994,2
IAD,CLT,321,51
IAH,PHX,1009,40
JAX,CLT,329,6
JFK,LAS,2248,53
LAS,ANC,2304,1
LAS,DFW,1055,21
LAS,JFK,2248,53
LIH,PHX,2979,45
MCI,CLT,809,43
MCO,DCA,759,53
MKE,PHX,1460,10
MYR,CLT,156,25
OGG,PHX,2845,32
ORF,CLT,290,0
PBI,CLT,590,5
PBI,DCA,857,8
PHL,DCA,119,6
PHL,MIA,1013,15
PHL,SAN,2369,16
PHL,SEA,2378,44
PHL,SJU,1576,1
PHX,BOS,2300,36
PHX,CLT,1774,13
PHX,DFW,868,27
PHX,EWR,2133,23
PHX,FLL,1972,12
PHX,JFK,2153,27
PHX,OGG,2845,0
PVD,CLT,683,7
RDU,CLT,130,44
SAN,PHL,2369,44
SAV,CLT,213,16
SFO,PIT,2254,21
SJU,BOS,1674,7
SJU,CLT,1474,2
SJU,PHL,1576,33
STT,CLT,1520,32
TPA,CLT,508,35
ATL,CLT,227,43
BOS,LAS,2381,25
BWI,PHL,90,52
CLT,ATL,227,14
CLT,MHT,737,31
CLT,SAN,2077,5
CLT,SFO,2296,58
DTW,CLT,500,50
KOA,PHX,2860,59
LAS,BOS,2381,12
LAS,DCA,2089,19
LAS,FLL,2174,38
LAS,PBI,2158,3
LGA,DCA,214,12
MIA,CLT,650,60
MIA,PHL,1013,0
MSY,PHL,1088,23
PHL,DTW,453,24
PHL,MSY,1088,37
PHL,STT,1605,0
PHL,SYR,228,22
PHX,BOI,735,13
PIT,SFO,2254,24
ROC,CLT,573,27
RSW,DCA,892,32
SFO,CLT,2296,19
STT,PHL,1605,11
BOI,PHX,735,40
DFW,LAS,1055,27
LAS,DTW,1750,6
LAS,MIA,2175,54
LAX,CLT,2125,18
PHL,PDX,2406,6
PHX,TUS,110,49
PIT,LAX,2136,41
ALB,PHL,212,20
BOS,LGA,185,9
DCA,PHX,1979,18
DCA,PVD,357,6
DCA,RSW,892,35
DTW,LAS,1750,6
LGA,BOS,185,1
PHL,BUF,279,18
PHX,ANC,2551,58
SEA,PHL,2378,57
STX,CLT,1562,60
TUS,PHX,110,14
DCA,MSY,969,15
MSP,LAS,1300,22
PHX,IAH,1009,28
LAS,ATL,1747,39
PHX,DCA,1979,37
PHX,GEG,1020,20
PIT,FLL,994,4
SEA,CLT,2279,4
MSY,DCA,969,42
SAN,CLT,2077,4
DCA,LAS,2089,35
DFW,PHX,868,10
SYR,PHL,228,20
BDL,PHL,196,25
BDL,DCA,313,45
CLT,CLE,430,52
DCA,BDL,313,51
LGA,PIT,335,6
PHL,BDL,196,3
PHL,BWI,90,11
PIT,LGA,335,25
PVD,DCA,357,33
CLT,ILM,185,0
ILM,CLT,185,7
PIT,RSW,966,21
PIT,TPA,873,22
PHL,IND,587,3
ALB,DCA,318,40
SYR,DCA,298,41
DCA,ALB,318,53
PHL,ALB,212,27
STL,CLT,575,22
CLE,CLT,430,55
PHX,LIH,2979,31
PHX,MKE,1460,19
DTW,PHL,453,32
BDL,PHX,2213,46
BNA,CLT,329,48
CLT,EGE,1455,36
PHX,BDL,2213,29
ISP,RSW,1101,5
ALB,TPA,1130,6
ATL,MIA,595,32
CVG,TPA,773,13
ATL,RDU,356,35
PIT,ATL,526,35
EWR,SLC,1968,14
ATL,TPA,406,27
ATL,JFK,760,6
MCO,ATL,403,53
LAX,ATL,1946,8
ATL,LAX,1946,15
ATL,SAT,874,52
JFK,ATL,760,8
CVG,ATL,373,48
ATL,DCA,547,22
ATL,SJU,1547,47
ATL,LGA,761,11
LGA,ATL,761,47
ATL,BWI,576,3
ATL,SRQ,445,4
ATL,IAD,533,34
ATL,BOS,946,24
ATL,SAV,215,51
SEA,ATL,2182,43
ATL,FLL,581,37
ATL,JAX,270,28
CVG,LAS,1678,56
BWI,ATL,576,7
ANC,SLC,2125,45
ATL,SDF,321,5
ATL,ELP,1282,33
ATL,SEA,2182,4
CVG,LGA,585,30
ATL,CVG,373,55
BOS,FLL,1237,34
ATL,MCO,403,57
ATL,MCI,692,17
ATL,RSW,515,50
MIA,ATL,595,14
ATL,OAK,2130,10
FLL,BOS,1237,38
ATL,DAY,432,55
ATL,BDL,859,34
BDL,ATL,859,28
ATL,LIT,453,59
ATL,SLC,1589,12
ATL,RIC,481,4
ATL,PBI,545,43
IND,ATL,432,18
ATL,CLE,554,51
RDU,ATL,356,0
OAK,ATL,2130,27
MSY,ATL,425,39
ATL,ROC,749,31
ATL,LEX,303,55
ATL,JAN,341,28
ATL,MSY,425,47
PBI,ATL,545,13
ATL,EWR,745,38
JAX,ATL,270,25
AUS,ATL,813,54
ATL,CHS,259,32
ATL,DFW,732,7
ATL,PNS,272,35
ATL,HSV,151,53
ATL,CAE,191,2
ATL,ORF,516,14
VPS,ATL,264,15
SAV,ATL,215,29
TPA,ATL,406,32
SLC,PHL,1926,32
ATL,MLB,443,2
ATL,TYS,152,7
IAH,ATL,689,0
SFO,CVG,2036,30
MCO,JFK,944,29
JFK,TPA,1005,26
DCA,ATL,547,41
SLC,JFK,1989,33
JFK,SAN,2446,51
SLC,ATL,1589,33
MCI,ATL,692,50
JFK,BOS,187,40
FLL,CVG,932,42
CVG,CMH,116,2
SAT,ATL,874,57
CVG,SAN,1865,11
IAD,ATL,533,50
DCA,SLC,1851,35
ATL,MOB,302,39
EWR,ATL,745,11
ATL,SMF,2092,41
PHL,SLC,1926,26
SRQ,ATL,445,3
SDF,ATL,321,48
BOS,MCO,1121,54
BOS,ATL,946,21
DFW,ATL,732,52
ATL,AUS,813,26
BOS,JFK,187,21
ORF,ATL,516,46
ATL,IND,432,46
LAS,CVG,1678,60
ATL,PIT,526,48
CVG,SLC,1449,55
ATL,TUS,1541,5
SLC,FLL,2083,16
ATL,DTW,594,40
HNL,ATL,4502,12
ELP,ATL,1282,48
JFK,FLL,1069,37
ATL,ONT,1900,6
TUS,ATL,1541,26
TPA,CVG,773,18
CVG,DCA,411,49
PNS,ATL,272,26
CLT,SLC,1727,14
CVG,LAX,1900,10
DAB,ATL,366,19
ATL,DAB,366,19
ONT,ATL,1900,17
ATL,SAN,1891,7
LEX,ATL,303,12
MCO,BOS,1121,60
ATL,IAH,689,42
LIT,ATL,453,56
SAN,ATL,1891,54
CAE,ATL,191,2
GSO,ATL,306,9
LGA,CVG,585,53
CVG,FLL,932,35
CVG,BDL,661,58
RNO,ATL,1993,24
CVG,MCO,756,36
CVG,SFO,2036,37
CHS,ATL,259,47
LGA,RSW,1080,48
DAY,ATL,432,20
CLE,ATL,554,7
DCA,CVG,411,25
ATL,HNL,4502,32
RIC,ATL,481,13
SLC,BOS,2105,26
HSV,ATL,151,14
SLC,CVG,1449,29
BHM,ATL,134,24
ATL,SNA,1919,51
BDL,FLL,1173,42
LAX,BDL,2527,24
ATL,RNO,1993,40
PIT,CVG,256,33
FLL,ATL,581,4
ATL,ABQ,1269,19
ATL,JAC,1572,20
JAC,ATL,1572,21
BDL,CVG,661,19
RSW,CVG,879,21
ATL,GPT,352,37
GPT,ATL,352,14
TYS,ATL,152,35
SLC,EWR,1968,33
ATL,VPS,264,51
SMF,ATL,2092,21
MCO,CVG,756,21
ATL,TLH,223,18
CVG,BOS,752,57
ATL,HDN,1340,53
HDN,ATL,1340,32
BOS,SLC,2105,33
CVG,RSW,879,34
SNA,ATL,1919,14
FLL,LGA,1076,29
PHX,CVG,1569,43
LAX,FLL,2342,12
PBI,LGA,1035,10
SLC,HNL,2994,53
LGA,FLL,1076,47
TPA,JFK,1005,32
MCO,LGA,950,45
LGA,MCO,950,31
LGA,TPA,1011,34
JFK,MCO,944,13
JFK,SLC,1989,9
FLL,JFK,1069,58
DEN,JFK,1626,14
SLC,TPA,1887,43
MCO,SLC,1929,28
JFK,MIA,1090,52
ATL,SJC,2116,12
RSW,BDL,1180,22
SLC,MCO,1929,54
FLL,BDL,1173,20
BDL,LAX,2527,35
BDL,PBI,1133,51
CVG,ABQ,1240,1
PBI,BOS,1197,2
LAX,TPA,2158,33
BOS,PBI,1197,31
TPA,LGA,1011,37
LGA,PBI,1035,35
EGE,ATL,1312,3
LAX,CVG,1900,17
STT,ATL,1599,46
ATL,PDX,2172,2
OGG,SLC,2936,34
STT,JFK,1623,43
SAN,CVG,1865,54
SJU,ATL,1547,29
BOS,CVG,752,40
MLB,ATL,443,31
SJC,ATL,2116,28
ABQ,ATL,1269,17
PDX,ATL,2172,31
JFK,HDN,1749,33
HNL,SLC,2994,42
BOS,RSW,1249,5
RSW,BOS,1249,31
RDU,SLC,1823,6
SLC,RDU,1823,1
RDU,CVG,390,48
BDL,RSW,1180,28
RSW,LGA,1080,41
PBI,BDL,1133,34
RSW,ATL,515,32
FLL,LAX,2342,17
TPA,SLC,1887,4
SLC,DCA,1851,36
IAD,SLC,1827,5
DTW,ATL,594,7
TPA,LAX,2158,5
SLC,CLT,1727,60
JFK,CVG,589,38
CMH,CVG,116,29
ROC,ATL,749,57
PDX,CVG,1975,60
ATL,GSO,306,22
CVG,PDX,1975,22
CVG,PHX,1569,35
CVG,SEA,1964,15
PHF,ATL,508,44
SLC,IAD,1827,42
SLC,ANC,2125,41
CVG,PIT,256,29
BOS,TPA,1185,19
SLC,OGG,2936,57
JFK,SJU,1597,58
SJU,JFK,1597,13
ATL,CMH,446,29
JAN,ATL,341,11
ATL,EGE,1312,21
MIA,JFK,1090,15
PDX,JFK,2454,48
ATL,STT,1599,15
SEA,CVG,1964,56
CVG,BWI,430,50
FLL,SLC,2083,28
JFK,SEA,2421,54
CMH,ATL,446,24
LGA,MSY,1183,30
ATL,MCN,79,45
ATL,VLD,208,42
ATL,SBN,566,35
ATL,PVD,903,37
ATL,AVL,164,10
TUL,ATL,674,39
HPN,ATL,780,48
MFE,ATL,974,16
CAK,CVG,214,41
CVG,CAK,214,32
ATL,BTR,449,31
ATL,CSG,83,45
ATL,TRI,227,9
OKC,ATL,761,3
ATL,HPN,780,49
ATL,ILM,377,60
ATL,SWF,784,55
MDT,ATL,619,9
ATL,BQK,238,58
ATL,CRW,363,47
CVG,PHL,507,41
PHL,CVG,507,2
ATL,OKC,761,56
CRW,ATL,363,30
SHV,ATL,552,46
ATL,OMA,821,33
MGM,ATL,147,22
ATL,MYR,317,52
PFN,ATL,247,47
ATL,ABE,692,54
ABE,ATL,692,25
CAK,ATL,528,30
GRR,ATL,640,20
ATL,CHA,106,20
CHA,ATL,106,23
ATL,TUL,674,3
ATL,ICT,781,9
ATL,MEI,267,1
FAY,ATL,331,12
ATL,SYR,793,42
SYR,ATL,793,13
MEM,CVG,403,13
CVG,MEM,403,54
ATL,MGM,147,47
ATL,DSM,743,22
DSM,ATL,743,55
AGS,ATL,143,54
ROA,ATL,357,2
ATL,AVP,714,18
MOB,ATL,302,52
ATL,ALB,852,11
MLI,ATL,633,6
ATL,FAY,331,54
ATL,EWN,433,25
ATL,MLI,633,10
CVG,AVL,275,47
ATL,CAK,528,16
BTR,ATL,449,45
CAE,LGA,617,38
FWA,ATL,508,47
DCA,JAN,860,32
ICT,ATL,781,27
ATL,SCE,615,53
BGR,ATL,1134,47
GNV,ATL,300,5
JAN,DCA,860,57
PVD,ATL,903,57
ABY,ATL,146,59
ATL,CRP,876,30
ATL,LFT,503,30
ATL,MHT,952,36
ATL,DHN,171,53
DHN,ATL,171,25
AVL,ATL,164,37
EVV,ATL,350,14
ATL,EYW,646,26
ATL,SGF,563,7
ATL,MDT,619,6
FNT,ATL,644,49
TRI,ATL,227,42
OAJ,ATL,399,14
ATL,EVV,350,56
ATL,SHV,552,11
ATL,PFN,247,17
CVG,CAE,404,53
LAN,CVG,258,29
CAE,CVG,404,20
ATL,GNV,300,4
PIA,ATL,564,9
ATW,ATL,765,35
ATL,BMI,533,48
AEX,ATL,500,34
OMA,ATL,821,35
CID,ATL,694,27
ATL,ROA,357,13
ATL,PHF,508,51
ATL,MSN,707,49
MSN,ATL,707,56
TUL,CVG,646,60
SWF,ATL,784,26
ATL,FNT,644,18
EWN,ATL,433,24
ATL,AGS,143,15
MEI,ATL,267,16
CRP,ATL,876,5
ATL,PWM,1027,23
PWM,ATL,1027,15
GRK,ATL,803,3
ATL,ABY,146,45
ATL,AEX,500,6
ILM,ATL,377,9
ATL,GRR,640,58
ATL,CHO,457,60
GTR,ATL,241,51
ALB,ATL,852,21
ATL,OAJ,399,28
LFT,ATL,503,2
LYH,ATL,389,45
ATL,MFE,974,13
ATL,ATW,765,4
HHH,ATL,239,18
EYW,ATL,646,0
VLD,ATL,208,53
MYR,ATL,317,0
FSD,ATL,954,38
ATL,FSM,579,40
ATL,PIA,564,1
ATL,GRK,803,22
ATL,FWA,508,7
CSG,ATL,83,6
GRB,ATL,774,42
GRB,CVG,416,15
CVG,GRB,416,47
MHT,ATL,952,3
ISP,ATL,795,38
AVP,ATL,714,6
ATL,MLU,448,53
MLU,ATL,448,0
TLH,ATL,223,21
CVG,MDT,429,60
JAN,CVG,555,22
DCA,HSV,613,51
AVL,CVG,275,58
CVG,OMA,614,56
ATL,GRB,774,19
ATL,FLO,273,46
ATL,HHH,239,25
ATL,CID,694,49
HSV,DCA,613,59
CVG,BTR,693,29
OMA,CVG,614,17
ATL,TOL,549,5
CVG,TUL,646,25
ACY,ATL,678,30
ATL,BTV,960,53
BTV,ATL,960,41
FSM,ATL,579,8
ATL,ISP,795,35
ATL,LYH,389,12
SGF,ATL,563,45
ATL,GTR,241,26
BMI,ATL,533,5
MCN,ATL,79,6
MDT,CVG,429,47
CHO,ATL,457,31
TOL,ATL,549,46
SBN,ATL,566,47
FLO,ATL,273,55
BQK,ATL,238,10
LGA,CAE,617,35
CVG,HSV,325,46
CVG,EWR,569,31
EWR,CVG,569,47
HSV,CVG,325,50
ATL,ACY,678,14
SCE,ATL,615,37
ATL,FSD,954,29
CVG,JAN,555,20
ATL,BGR,1134,43
MEM,MCO,683,49
PBI,DEN,1679,35
DEN,CAK,1224,20
CAK,DEN,1224,25
DEN,BDL,1671,59
FLL,MEM,851,54
MCO,MEM,683,33
DEN,JAX,1447,4
BDL,DEN,1671,14
DEN,SDF,1023,43
SDF,DEN,1023,24
JAX,DEN,1447,22
DEN,RSW,1606,26
MEM,FLL,851,13
DEN,PBI,1679,3
RSW,DEN,1606,43
LAS,HNL,2762,11
HNL,LAS,2762,9
HNL,SAN,2614,25
SMF,HNL,2462,23
HNL,SMF,2462,50
HNL,SEA,2677,37
HNL,PDX,2603,51
SEA,OGG,2640,25
OGG,SEA,2640,6
SAN,OGG,2541,0
OGG,SAN,2541,55
PDX,OGG,2562,51
OGG,PDX,2562,1
SJC,HNL,2416,45
HNL,SJC,2416,51
ITO,HNL,216,31
KOA,HNL,163,6
HNL,LIH,102,5
LIH,HNL,102,22
HNL,OGG,100,29
HNL,KOA,163,29
OGG,HNL,100,28
KOA,OGG,84,51
HNL,ITO,216,46
LIH,OGG,202,34
XNA,LAX,1371,54
LAX,XNA,1371,54
DFW,LAW,140,16
LAW,DFW,140,27
DFW,TYR,103,51
GRK,DFW,134,47
DFW,GRK,134,32
AEX,DFW,285,21
DFW,AEX,285,40
SPS,DFW,113,42
DFW,CLL,164,47
ABI,DFW,158,9
DFW,ABI,158,24
DFW,TXK,181,39
CLL,DFW,164,49
TYR,DFW,103,42
DFW,LFT,351,3
DFW,ACT,89,26
GGG,DFW,140,28
MLU,DFW,293,1
DFW,SPS,113,47
LFT,DFW,351,46
ACT,DFW,89,9
SJT,DFW,228,47
DFW,SJT,228,38
TXK,DFW,181,42
DFW,GGG,140,2
DFW,SHV,190,7
SHV,DFW,190,32
DFW,MLU,293,17
LRD,DFW,394,5
DFW,LRD,394,17
MOB,DFW,540,5
DFW,XNA,281,5
DFW,AMA,313,20
VPS,DFW,626,59
DFW,VPS,626,12
LIT,DFW,304,35
DFW,LIT,304,43
PIT,DFW,1068,13
DFW,PIT,1068,29
FSM,DFW,228,26
CID,DFW,685,60
DFW,FNT,1003,40
GPT,DFW,500,47
DFW,SGF,364,23
SGF,DFW,364,2
DFW,GPT,500,29
MSN,DFW,821,32
DFW,TYS,772,38
TYS,DFW,772,5
CAE,DFW,922,41
DFW,MAF,309,29
LBB,DFW,282,3
DFW,LBB,282,31
BTR,DFW,383,49
DFW,BTR,383,34
DFW,HSV,603,34
DFW,MOB,540,12
HOU,DFW,247,3
DFW,HOU,247,26
DFW,CAE,922,15
CRP,DFW,354,55
DFW,CRP,354,37
DFW,CLE,1021,15
ICT,DFW,328,4
DFW,ICT,328,57
MAF,DFW,309,51
AMA,DFW,313,52
DFW,PNS,604,9
PNS,DFW,604,29
XNA,DFW,281,5
PIA,DFW,673,20
CMI,DFW,693,47
DFW,CMI,693,50
CHA,DFW,695,29
DFW,FWA,859,40
DFW,CHA,695,4
CHS,DFW,987,23
DFW,SDF,733,35
DFW,CHS,987,57
SDF,DFW,733,42
DFW,FSM,228,47
DFW,SBA,1315,42
SBA,DFW,1315,38
HSV,DFW,603,57
DFW,JAN,408,20
DFW,CID,685,23
DFW,LEX,785,45
CLE,DFW,1021,52
JAN,DFW,408,37
GSP,DFW,862,56
LEX,DFW,785,0
OKC,DFW,175,39
GSO,DFW,999,54
DFW,GSO,999,36
DFW,PIA,673,36
DFW,OKC,175,38
FNT,DFW,1003,54
DFW,CMH,927,39
CMH,DFW,927,23
DFW,MKE,853,55
MKE,DFW,853,18
MDT,DFW,1232,59
DFW,DSM,624,42
DSM,DFW,624,11
DFW,ORF,1213,18
ORF,DFW,1213,3
TUL,DFW,237,22
DFW,TUL,237,55
DFW,MSN,821,21
DFW,EVV,642,0
GRR,DFW,931,13
DFW,GRR,931,60
ROW,DFW,435,57
DFW,ROW,435,36
SAV,DFW,925,57
DFW,SAV,925,24
DFW,GSP,862,25
MLI,DFW,691,57
FWA,DFW,859,24
EVV,DFW,642,60
DFW,MDT,1232,55
DFW,MLI,691,40
MTJ,DFW,722,47
DFW,MTJ,722,39
CMH,MIA,990,57
MIA,CMH,990,40
FNT,ORD,223,15
ORD,CMI,135,3
CMI,ORD,135,21
MIA,RIC,826,30
ORD,SHV,733,24
MOB,ORD,779,59
ORD,MOB,779,17
ORD,LIT,552,48
JFK,BWI,184,49
LIT,ORD,552,22
GRB,MQT,134,10
BWI,JFK,184,32
ORD,EVV,273,45
MIA,CVG,948,22
EVV,ORD,273,48
ORD,RST,268,4
RST,ORD,268,15
MQT,ORD,303,30
ORD,MQT,303,52
ORD,CHA,501,26
ORD,LSE,215,25
LSE,ORD,215,52
ORD,FNT,223,13
ORD,DBQ,147,15
ORD,GPT,800,19
GPT,ORD,800,23
JAN,ORD,677,20
ORD,JAN,677,24
ORD,GSP,577,59
MKE,MQT,236,28
MQT,MKE,236,58
CHA,ORD,501,28
GSP,ORD,577,46
ORD,JFK,740,32
MIA,IND,1021,45
IND,MIA,1021,4
MIA,GSO,710,20
ORF,MIA,802,47
MIA,ORF,802,5
DBQ,ORD,147,46
HSV,ORD,510,21
ORD,BTR,810,1
RIC,MIA,826,16
MIA,MEM,860,11
PIT,MIA,1013,40
ORD,HSV,510,29
TOL,ORD,214,22
PIT,JFK,340,21
JFK,PIT,340,54
ORD,PNS,794,54
GSO,MIA,710,10
PNS,ORD,794,22
ORD,TOL,214,46
MIA,PIT,1013,30
CVG,MIA,948,0
MIA,SDF,911,1
SDF,MIA,911,42
BTR,ORD,810,32
JFK,ORD,740,31
MQT,GRB,134,41
CLE,JFK,425,22
JFK,CLE,425,49
ORD,VPS,800,7
VPS,ORD,800,12
MEM,MIA,860,42
SHV,ORD,733,25
XNA,MIA,1100,35
MIA,XNA,1100,59
RDU,JAX,408,51
JAX,RDU,408,25
CLE,MIA,1080,10
MIA,CLE,1080,27
BOS,RDU,612,30
RDU,SDF,416,7
SDF,RDU,416,49
CMH,BOS,640,45
RDU,JFK,426,16
BOS,CMH,640,19
RDU,XNA,868,52
XNA,RDU,868,8
RDU,BOS,612,4
DCA,BNA,562,34
BNA,DCA,562,22
XNA,DCA,963,34
DCA,XNA,963,4
DCA,RDU,227,22
RDU,DCA,227,37
EWR,RDU,416,24
RDU,EWR,416,29
BDL,RDU,532,3
JFK,RDU,426,12
RDU,BDL,532,1
CMH,RDU,361,57
RDU,CMH,361,15
RDU,MCI,904,44
MCI,RDU,904,45
LGA,RDU,431,43
BNA,STL,271,22
STL,JFK,892,32
SGF,STL,195,28
STL,BNA,271,3
RDU,LGA,431,4
JFK,STL,892,26
STL,SGF,195,20
DCA,JFK,213,49
JFK,DCA,213,37
DSM,LGA,1031,25
LGA,DSM,1031,23
LGA,XNA,1147,37
CLE,LGA,418,54
MSN,LGA,812,41
LGA,SDF,658,39
SDF,LGA,658,23
LGA,DTW,501,36
LGA,MSN,812,59
XNA,LGA,1147,26
LGA,CMH,478,0
CMH,LGA,478,53
FNT,LGA,530,32
LGA,FNT,530,34
DTW,LGA,501,26
LGA,CLE,418,13
MEM,LGA,963,32
LGA,MEM,963,9
DFW,HNL,3784,55
OGG,DFW,3711,16
DFW,OGG,3711,1
HNL,DFW,3784,30
SAN,JFK,2446,38
LAX,MIA,2342,44
BOS,SAN,2588,22
SAN,BOS,2588,1
LAX,SJU,3386,22
SJU,LAX,3386,55
MIA,LAX,2342,57
SEA,JFK,2421,57
SFO,MIA,2585,53
DFW,MCO,984,50
ORD,MIA,1197,47
MIA,ORD,1197,16
DFW,RDU,1062,1
DFW,TPA,929,25
SAT,DFW,247,23
DFW,BWI,1217,55
RSW,DFW,1017,43
DFW,RSW,1017,33
TUS,DFW,813,18
DFW,STL,551,15
DFW,DCA,1192,59
ABQ,DFW,569,53
DFW,BHM,597,42
DFW,BNA,631,56
IAH,DFW,224,6
DFW,BDL,1471,39
RIC,DFW,1158,47
OMA,DFW,583,60
DCA,DFW,1192,18
DFW,FAT,1313,8
ELP,ORD,1236,58
STL,DFW,551,14
BUR,DFW,1231,43
DFW,MCI,460,20
DFW,ONT,1189,38
BDL,DFW,1471,3
DFW,SAT,247,10
IND,DFW,762,40
EWR,DFW,1372,3
DFW,ABQ,569,5
SJU,TPA,1237,6
DFW,SNA,1205,37
DFW,ELP,551,20
JFK,DFW,1391,8
DFW,MFE,468,39
JAX,DFW,919,7
DFW,TUS,813,59
RDU,DFW,1062,19
DFW,JFK,1391,38
SAN,DFW,1171,30
STL,SAN,1558,38
MIA,DTW,1145,6
MIA,DFW,1121,32
STL,RDU,667,51
MIA,MCO,193,57
ELP,DFW,551,41
MIA,BNA,806,33
DFW,AUS,190,59
MEM,DFW,432,52
AUS,DFW,190,28
ORD,ELP,1236,18
DFW,BOS,1562,43
MIA,SFO,2585,4
DFW,FLL,1119,16
DCA,MIA,920,12
DFW,OMA,583,39
ONT,DFW,1189,34
MIA,MSY,674,14
DFW,MSP,852,55
MIA,BOS,1258,40
DFW,PDX,1616,54
STL,ORD,258,51
MSY,LGA,1183,8
DFW,SAN,1171,5
FAT,DFW,1313,21
FLL,DFW,1119,23
SEA,DFW,1660,54
SJU,MCO,1189,8
DFW,IND,762,48
DFW,MIA,1121,30
DFW,JAX,919,17
PSP,DFW,1126,53
DFW,BUR,1231,21
DTW,DFW,987,41
PBI,DFW,1103,46
PHX,MIA,1972,3
SJC,AUS,1476,1
DFW,MSY,448,12
DFW,COS,592,43
TPA,SJU,1237,34
DCA,STL,719,4
DFW,SJC,1438,42
BOS,MIA,1258,35
PDX,DFW,1616,34
DFW,DTW,987,7
MIA,DCA,920,54
MSY,MIA,674,4
DFW,SEA,1660,40
ORD,PSP,1652,12
DFW,EWR,1372,57
MIA,STL,1068,1
SJU,EWR,1608,27
SJU,MIA,1045,51
MIA,LGA,1097,43
LGA,MIA,1097,56
FLL,SJU,1046,19
DFW,SJU,2165,32
MFE,DFW,468,38
RNO,DFW,1345,35
SMF,DFW,1431,3
BWI,DFW,1217,34
SJU,DFW,2165,32
MIA,SJU,1045,21
DFW,RIC,1158,60
JFK,STT,1623,24
DFW,DAY,861,53
TPA,DFW,929,12
BNA,DFW,631,13
STT,MIA,1107,1
RDU,MIA,700,40
SJC,DFW,1438,22
MIA,IAH,964,3
MSP,DFW,852,41
MIA,EWR,1086,25
DFW,LGA,1389,7
DFW,PSP,1126,16
LGA,DFW,1389,57
TUS,ORD,1437,56
MIA,TPA,204,26
MSY,DFW,448,8
RSW,ORD,1120,1
MIA,STT,1107,55
MIA,STX,1139,18
MSP,MIA,1501,46
SJU,BWI,1565,48
STL,BOS,1046,23
PSP,ORD,1652,39
MIA,RDU,700,26
MCI,DFW,460,8
STL,LGA,887,14
STT,BOS,1693,14
MCO,SJU,1189,54
MCO,MIA,193,10
BOS,STT,1693,54
STL,DCA,719,43
SAT,STL,786,15
MCO,DFW,984,29
BNA,MIA,806,14
MIA,BWI,946,25
DFW,IAH,224,41
OAK,DFW,1456,47
MIA,PHX,1972,60
COS,DFW,592,32
TPA,MIA,204,5
AUS,SJC,1476,4
BOS,DFW,1562,60
SNA,DFW,1205,41
BWI,MIA,946,57
STL,SFO,1736,60
RDU,AUS,1162,26
DFW,RNO,1345,54
SAN,STL,1558,50
IAD,DFW,1172,35
BNA,LGA,764,31
ORD,ABQ,1118,17
SNA,STL,1570,54
DFW,SMF,1431,1
LGA,BNA,764,41
EWR,SJU,1608,39
MSP,LGA,1020,18
LGA,MSP,1020,29
MIA,BDL,1194,0
AUS,RDU,1162,2
DFW,MEM,432,21
DAY,DFW,861,40
SFO,STL,1736,20
STX,MIA,1139,26
IAH,MIA,964,56
DFW,OAK,1456,19
DFW,IAD,1172,33
SJU,BDL,1666,56
ORD,TUS,1437,9
STL,RSW,979,21
BDL,SJU,1666,18
SEA,STL,1710,37
BHM,DFW,597,7
AUS,SNA,1209,58
RDU,STL,667,9
ORD,RNO,1671,38
ORD,RSW,1120,4
DFW,PBI,1103,39
ABQ,ORD,1118,59
BOS,STL,1046,17
STL,AUS,722,17
STL,SEA,1710,12
SNA,AUS,1209,10
EWR,MIA,1086,4
AUS,STL,722,3
RNO,ORD,1671,16
LGA,STL,887,10
STL,MIA,1068,36
MIA,LAS,2175,33
BWI,SJU,1565,15
SJU,FLL,1046,56
SJU,STT,68,32
BDL,MIA,1194,25
MIA,MSP,1501,60
IAD,MIA,921,57
DFW,EGE,720,20
EGE,DFW,720,53
HDN,DFW,769,47
DFW,HDN,769,32
RSW,STL,979,54
EGE,ORD,1007,10
DFW,GUC,678,26
JAC,DFW,1046,0
ORD,EGE,1007,1
EGE,LAX,748,21
LAX,EGE,748,28
DFW,JAC,1046,55
GUC,DFW,678,58
MIA,EGE,1811,53
LGA,EGE,1739,15
EGE,LGA,1739,55
EGE,EWR,1725,52
EWR,EGE,1725,15
EGE,MIA,1811,8
MTJ,ORD,1081,20
DTW,MIA,1145,60
SAN,SEA,1050,45
SEA,SAN,1050,31
SEA,PSP,987,27
KTN,SIT,183,14
JNU,ANC,571,12
PSP,SEA,987,53
SIT,JNU,95,47
SEA,BUR,937,17
SEA,LGB,965,14
BUR,SEA,937,26
ORD,ANC,2846,59
SEA,JNU,909,43
LGB,SEA,965,12
ONT,SEA,956,52
BOS,PDX,2537,29
PSG,JNU,123,41
ANC,CDV,160,15
JNU,PSG,123,2
CDV,YAK,213,55
JNU,SEA,909,15
YAK,JNU,199,30
SEA,DCA,2329,44
PDX,SAN,933,43
MCO,SEA,2553,57
SEA,ANC,1449,55
SEA,SNA,978,12
DCA,SEA,2329,50
SAN,PDX,933,41
MCO,PDX,2534,41
SEA,EWR,2401,51
ANC,SEA,1449,33
EWR,SEA,2401,50
ONT,PDX,838,16
LAX,DCA,2311,26
PDX,ANC,1542,24
SEA,ONT,956,41
SEA,KTN,680,54
SEA,MIA,2724,6
PDX,ONT,838,51
PDX,SNA,859,37
TUS,SEA,1216,28
ANC,FAI,261,30
HNL,ANC,2777,56
JNU,SIT,95,4
JNU,YAK,199,32
ANC,ORD,2846,12
PSP,PDX,873,19
SEA,TUS,1216,17
MIA,SEA,2724,3
PDX,PSP,873,44
SEA,FAI,1533,50
BET,ANC,399,6
BRW,FAI,503,33
SCC,BRW,204,10
FAI,ANC,261,55
FAI,BRW,503,49
SNA,PDX,859,5
KTN,SEA,680,53
ANC,OTZ,549,34
SEA,MCO,2553,47
SIT,KTN,183,49
PDX,MCO,2534,47
SNA,SEA,978,20
BOS,SEA,2496,4
CDV,ANC,160,41
BRW,ANC,725,49
YAK,CDV,213,33
ANC,BET,399,37
ANC,PDX,1542,53
ANC,ADQ,252,22
ADQ,ANC,252,7
ANC,JNU,571,55
KTN,WRG,82,54
WRG,PSG,31,60
JNU,KTN,234,42
BUR,PDX,817,37
OME,ANC,539,35
FAI,SCC,373,30
FAI,SEA,1533,57
PDX,BUR,817,9
PSG,WRG,31,2
SEA,BOS,2496,3
SCC,ANC,626,37
OTZ,ANC,549,18
OME,OTZ,183,20
ANC,OME,539,45
KTN,JNU,234,30
WRG,KTN,82,14
ANC,SCC,626,42
PDX,BOS,2537,29
ANC,HNL,2777,60
LIH,SEA,2701,49
SEA,LIH,2701,17
OTZ,OME,183,60
DCA,LAX,2311,29
ANC,ADK,1192,45
ADK,ANC,1192,44
BNA,JFK,766,26
BOS,AUS,1698,2
BOS,OAK,2693,20
BOS,RIC,474,1
BTV,JFK,267,8
BUF,BOS,396,32
BUF,FLL,1166,6
BUF,JFK,301,29
CLT,JFK,541,47
EWR,FLL,1065,10
EWR,MCO,938,34
EWR,PBI,1024,55
FLL,BUF,1166,3
FLL,EWR,1065,10
FLL,HPN,1098,13
FLL,LGB,2327,31
FLL,OAK,2575,19
FLL,PSE,1032,0
FLL,RIC,805,33
FLL,SWF,1119,55
FLL,SYR,1197,57
HPN,MCO,972,2
HPN,PBI,1057,50
IAD,JFK,228,55
JAX,JFK,829,29
JFK,AUS,1522,27
JFK,BNA,766,7
JFK,BUF,301,24
JFK,CLT,541,60
JFK,CMH,483,29
JFK,DEN,1626,26
JFK,IAD,228,15
JFK,JAX,829,17
JFK,LGB,2465,47
JFK,MSY,1182,29
JFK,PBI,1028,46
JFK,PWM,274,33
JFK,ROC,264,8
JFK,RSW,1074,42
JFK,SMF,2521,59
JFK,SRQ,1041,19
JFK,SYR,209,56
LAS,LGB,231,29
LGB,JFK,2465,46
LGB,OAK,353,37
LGB,ORD,1735,51
LGB,SMF,387,2
MCO,BQN,1129,4
MCO,EWR,938,8
MCO,HPN,972,51
MCO,ROC,1033,45
MCO,SWF,989,54
MCO,SYR,1053,50
MSY,JFK,1182,11
OAK,FLL,2575,10
OAK,LGB,353,31
ORD,LGB,1735,54
PBI,EWR,1024,27
PBI,HPN,1057,0
PBI,JFK,1028,31
PIT,BOS,496,56
PSE,MCO,1180,58
PWM,JFK,274,38
RIC,FLL,805,31
RIC,JFK,288,36
ROC,JFK,264,50
RSW,EWR,1068,57
RSW,JFK,1074,46
SMF,LGB,387,35
SRQ,JFK,1041,42
SWF,FLL,1119,51
SWF,MCO,989,12
SYR,JFK,209,11
TPA,EWR,998,7
AUS,JFK,1522,5
BOS,BUF,396,45
BQN,MCO,1129,47
CMH,JFK,483,14
HOU,JFK,1428,21
HPN,FLL,1098,45
JFK,BQN,1576,7
JFK,BTV,267,44
JFK,BUR,2465,48
JFK,HOU,1428,1
JFK,ONT,2430,52
JFK,PDX,2454,53
JFK,RIC,288,0
LGB,FLL,2327,23
LGB,IAD,2277,41
MCO,PSE,1180,60
OAK,BOS,2693,36
OAK,JFK,2576,35
SMF,JFK,2521,54
SYR,MCO,1053,47
TUS,JFK,2136,27
BOS,LGB,2602,44
JFK,PSE,1617,49
ONT,JFK,2430,59
PSE,FLL,1032,46
RIC,BOS,474,24
BQN,JFK,1576,19
BUR,JFK,2465,27
EWR,TPA,998,2
IAD,LGB,2277,36
JFK,OAK,2576,6
LGB,LAS,231,26
PSE,JFK,1617,12
BOS,SJC,2689,10
LGB,BOS,2602,33
ROC,MCO,1033,36
SJC,BOS,2689,56
TPA,BOS,1185,22
BUF,RSW,1144,40
HPN,RSW,1102,3
RSW,BUF,1144,59
JFK,TUS,2136,13
MCO,BTV,1195,38
PWM,MCO,1214,55
RSW,HPN,1102,27
SYR,FLL,1197,58
MCO,PWM,1214,28
BTV,MCO,1195,23
AUS,BOS,1698,28
SJC,JFK,2569,26
JFK,SJC,2569,39
LAX,JAX,2153,19
JAX,LAX,2153,57
LAX,RDU,2239,26
CMH,LAX,1996,2
LAX,CMH,1996,31
CVG,SNA,1877,28
ATL,BZN,1641,48
BZN,ATL,1641,54
SNA,CVG,1877,7
STX,ATL,1638,13
SLC,LGA,1982,42
CVG,JFK,589,11
EGE,CVG,1189,8
CVG,EGE,1189,56
LAS,LIT,1295,18
JAX,IND,688,8
LIT,PHX,1136,8
BDL,LAS,2298,25
OKC,BWI,1180,17
RDU,FLL,680,14
SMF,MCI,1442,6
ABQ,BWI,1670,36
FLL,RDU,680,39
XNA,SGF,84,43
MCI,EWR,1092,14
FAR,MCI,536,16
DRO,ABQ,159,37
GRB,DEN,905,25
GRB,SDF,453,7
ATW,DSM,321,25
GRB,MKE,107,47
ATW,MKE,96,17
MRY,DEN,960,27
HSV,TUS,1405,0
DSM,LAX,1447,49
BFL,DEN,845,56
ATL,ASE,1304,36
LAX,DSM,1447,34
MFR,SBA,572,52
CPR,DEN,230,15
ANC,DEN,2406,51
DEN,ANC,2406,15
IAD,TUS,1933,57
TUS,IAD,1933,49
DEN,LIH,3414,18
DEN,KOA,3329,4
ABE,CLT,481,0
CLT,STL,575,40
PHL,ORF,211,25
EGE,CLT,1455,8
DCA,MHT,407,2
MHT,DCA,407,21
DCA,PIT,205,37
MDT,CLT,413,40
CLT,DAB,416,16
RSW,PIT,966,16
SRQ,DCA,851,47
LGA,HDN,1742,0
HDN,LGA,1742,20
BWI,CVG,430,36
ABQ,CVG,1240,11
BOS,SRQ,1220,8
SRQ,BOS,1220,8
LGA,SRQ,1047,49
SRQ,LGA,1047,57
CVG,SGF,491,23
ATL,MDW,590,42
MDW,ATL,590,9
BTR,DEN,997,10
ITO,OGG,121,28
OGG,ITO,121,16
STL,SNA,1570,1
STL,SAT,786,34
ORD,MTJ,1081,40
EWR,RSW,1068,14
SWF,PBI,1077,4
HDN,JFK,1749,31
MCO,OMA,1210,46
MCO,TUL,1005,54
DAL,HRL,458,39
FLL,MHT,1263,57
HRL,DAL,458,16
RNO,ONT,394,28
PHL,AUS,1430,41
PHL,SAT,1495,42
STL,PHL,813,19
PHL,STL,813,12
SAT,PHL,1495,31
AUS,PHL,1430,44
MKE,ATW,96,51
MKE,STL,317,56
STL,MKE,317,6
MKE,DAY,284,8
DAY,MKE,284,51
MKE,GRR,120,49
GRR,MKE,120,29
BNA,MKE,475,36
MKE,FNT,211,58
FNT,MKE,211,10
MKE,BNA,475,46
AUS,MSY,445,4
ASE,ATL,1304,39
GJT,ASE,89,40
TUL,ASE,636,33
GJT,LAX,656,6
COS,CLE,1221,44
AUS,DSM,813,42
ORF,BOI,2144,9
SGF,BNA,380,21
TVC,MSN,217,53
LNK,PIA,371,58
MCI,MKE,436,38
ICT,SLC,808,29
DEN,CPR,230,2
LIH,DEN,3414,42
CLT,STX,1562,41
LGA,STT,1634,34
STT,LGA,1634,59
PDX,PHL,2406,36
CVG,JAC,1386,4
JAC,CVG,1386,9
CVG,GRR,268,51
ATL,LAW,804,23
LAW,ATL,804,55
GRR,CVG,268,45
CVG,CID,419,12
TYS,CVG,226,53
PDX,HNL,2603,37
MIA,TLH,403,17
TLH,MIA,403,30
PBI,SWF,1077,9
BOS,JAX,1011,44
JAX,BOS,1011,15
MHT,FLL,1263,37
OKC,MCO,1068,36
MKE,SDF,348,47
SDF,MKE,348,17
MKE,MKG,85,59
MKG,GRR,41,60
MKG,MKE,85,10
MKE,IND,238,49
MKE,CWA,154,50
MKE,GRB,107,18
MKE,DSM,311,40
MKE,CLE,328,4
CLE,MKE,328,8
CWA,MKE,154,9
IAH,SAT,191,7
IND,MKE,238,49
DSM,MKE,311,21
RAP,ORD,780,30
SDF,SLC,1408,19
ORD,RAP,780,42
CDC,LAX,395,58
DCA,SRQ,851,5
IND,PHL,587,2
CVG,SDF,83,41
CVG,BNA,230,58
PVD,CVG,722,16
BNA,CVG,230,30
CVG,PVD,722,10
CVG,LEX,70,47
SGF,CVG,491,32
CLT,CVG,335,18
CVG,CLT,335,41
SDF,CVG,83,17
LEX,CVG,70,16
CVG,MKE,318,50
DFW,GJT,772,45
GJT,DFW,772,17
ROC,DFW,1266,20
DFW,ROC,1266,45
SYR,DFW,1337,28
DFW,SYR,1337,24
BNA,IAD,542,59
AUS,SEA,1770,10
SEA,AUS,1770,53
LAX,ANC,2345,17
DLG,ANC,329,25
AKN,DLG,71,54
ANC,AKN,289,42
AUS,OAK,1497,48
ONT,RNO,394,30
LAS,JAX,1965,21
BNA,ORF,585,25
FLL,AUS,1105,60
SLC,SDF,1408,29
MKG,FNT,127,29
AZO,FAR,642,21
OMA,BHM,732,7
CLT,SDF,336,7
SDF,CLT,336,7
CVG,ANC,3110,2
ANC,CVG,3110,36
ATL,ANC,3417,57
CHO,CVG,342,52
CVG,XNA,561,36
AZO,CVG,225,43
CVG,AZO,225,56
TRI,CVG,216,19
CVG,ABE,503,31
XNA,CVG,561,11
CVG,CHO,342,43
CVG,LIT,513,35
LIT,CVG,513,37
TLH,TPA,200,17
CVG,TRI,216,59
PFN,MCO,290,43
MCO,PFN,290,7
MCO,PNS,380,54
PNS,MCO,380,58
MKE,CVG,318,29
HSV,MCO,535,56
MCO,HSV,535,43
MCO,TYS,532,51
TYS,MCO,532,3
MCO,TLH,227,51
ATL,LWB,369,24
LWB,ATL,369,28
TLH,MCO,227,30
CVG,BHM,396,16
TPA,TLH,200,7
CVG,EVV,170,53
ABE,CVG,503,48
EVV,CVG,170,5
EYW,MCO,268,18
MCO,EYW,268,56
MCO,RIC,667,53
RIC,MCO,667,13
DFW,ANC,3043,21
ANC,DFW,3043,26
ANC,LAX,2345,53
LGB,AUS,1226,20
MSY,BOS,1367,55
AUS,LGB,1226,19
BOS,MSY,1367,24
IAD,BUR,2279,25
LGB,SJC,324,34
SJC,LGB,324,6
BUR,IAD,2279,39
AUS,FLL,1105,2
ORF,BNA,585,38
OAK,AUS,1497,42
SLC,ACV,635,41
ACV,SLC,635,41
DEN,HLN,594,31
HLN,DEN,594,59
FCA,ORD,1352,29
MSO,ORD,1332,40
BIL,ORD,1060,0
ORD,BIL,1060,11
MCI,LNK,152,51
CID,MKE,208,42
ORD,CPR,949,8
ORD,FCA,1352,25
CPR,ORD,949,21
COD,DEN,392,39
OKC,BMI,589,32
GRB,GTF,1133,56
TVC,DEN,1031,48
SLC,WYS,273,33
DEN,COD,392,37
RIC,ORF,75,12
FCA,SFO,844,44
XNA,MEM,258,51
ORD,MSO,1332,43
WYS,SLC,273,11
GTF,ORD,1210,0
LAX,TUL,1283,56
TUL,LAX,1283,3
ORD,GTF,1210,27
SFO,ANC,2018,48
ANC,SFO,2018,50
CLT,SMF,2244,39
CLT,PDX,2282,57
CLT,TUS,1735,26
DCA,IND,499,20
IND,DCA,499,43
SMF,PHL,2458,45
SMF,CLT,2244,35
PDX,CLT,2282,23
PHL,SMF,2458,7
TUS,CLT,1735,0
ATL,BOI,1838,47
ANC,ATL,3417,7
ATL,STX,1638,7
FCA,ATL,1841,44
SLC,FAI,2184,40
FAI,SLC,2184,1
ILM,CVG,500,5
ALB,CVG,623,49
CVG,ALB,623,46
CVG,MCI,539,58
CVG,ORF,485,17
ORF,CVG,485,42
CVG,JAX,614,35
FLL,PNS,525,19
PNS,FLL,525,51
JAX,CVG,614,14
FLL,TLH,393,38
TLH,FLL,393,16
TPA,PNS,330,56
CVG,SYR,527,21
CVG,MHT,741,2
CVG,IAD,388,0
PNS,TPA,330,35
CVG,DTW,229,54
CID,CVG,419,0
CVG,SAT,1024,52
MHT,CVG,741,48
CVG,AVP,499,41
CLE,CVG,221,28
CVG,TYS,226,10
CVG,GSP,317,36
CVG,CLE,221,8
CVG,ROC,461,5
IAH,CVG,871,19
CVG,IAH,871,21
MCO,AVL,488,51
AVL,MCO,488,59
ITO,KOA,64,35
DFW,BUF,1212,54
BUF,DFW,1212,33
MIA,JAX,334,57
JAX,MIA,334,59
LGA,TVC,655,51
TVC,LGA,655,13
